tweet_id,author_id,inbound,created_at,text,response_tweet_id,in_response_to_tweet_id
1,sprintcare,False,Tue Oct 31 22:10:47 +0000 2017,@115712 I understand. I would like to assist you. We would need to get you into a private secured link to further assist.,2,3
2,115712,True,Tue Oct 31 22:11:45 +0000 2017,@sprintcare and how do you propose we do that,,1
3,115712,True,Tue Oct 31 22:08:27 +0000 2017,@sprintcare I have sent several private messages and no one is responding as usual,1,4
4,sprintcare,False,Tue Oct 31 21:54:49 +0000 2017,@115712 Please send us a Private Message so that we can further assist you. Just click ‚ÄòMessage‚Äô at the top of your profile.,3,5
5,115712,True,Tue Oct 31 21:49:35 +0000 2017,@sprintcare I did.,4,6
6,sprintcare,False,Tue Oct 31 21:46:24 +0000 2017,"@115712 Can you please send us a private message, so that I can gain further details about your account?","5,7",8
8,115712,True,Tue Oct 31 21:45:10 +0000 2017,@sprintcare is the worst customer service,"9,6,10",
11,sprintcare,False,Tue Oct 31 22:10:35 +0000 2017,"@115713 This is saddening to hear. Please shoot us a DM, so that we can look into this for you. -KC",,12
12,115713,True,Tue Oct 31 22:04:47 +0000 2017,@sprintcare You gonna magically change your connectivity for me and my whole family ? ü§• üíØ,"11,13,14",15
15,sprintcare,False,Tue Oct 31 20:03:31 +0000 2017,"@115713 We understand your concerns and we'd like for you to please send us a Direct Message, so that we can further assist you. -AA",12,16
16,115713,True,Tue Oct 31 20:00:43 +0000 2017,@sprintcare Since I signed up with you....Since day 1,15,17
17,sprintcare,False,Tue Oct 31 19:59:13 +0000 2017,"@115713 H there! We'd definitely like to work with you on this, how long have you been experiencing this issue? -AA",16,18
18,115713,True,Tue Oct 31 19:56:01 +0000 2017,"@115714 y‚Äôall lie about your ‚Äúgreat‚Äù connection. 5 bars LTE, still won‚Äôt load something. Smh.",17,
19,sprintcare,False,Tue Oct 31 22:10:10 +0000 2017,@115715 Please send me a private message so that I can send you the link to access your account. -FR,,20
20,115715,True,Tue Oct 31 22:03:34 +0000 2017,"@115714 whenever I contact customer support, they tell me I have shortcode enabled on my account, but I have never in the 4 years I've tried https://t.co/0G98RtNxPK",19,
21,Ask_Spectrum,False,Tue Oct 31 22:14:37 +0000 2017,@115716 What information is incorrect? ^JK,"22,23",24
22,115716,True,Tue Oct 31 22:16:48 +0000 2017,@Ask_Spectrum Would you like me to email you a copy of one since Spectrum is not updating your training?,25,21
25,Ask_Spectrum,False,Tue Oct 31 22:18:28 +0000 2017,"@115716 Our department is part of the corporate office.  If you're particular area has gone to this format, we were unawa... https://t.co/P7XCmTzPQj",26,22
26,115716,True,Tue Oct 31 22:19:56 +0000 2017,@Ask_Spectrum I received this from your corporate office would you like a copy?,27,25
27,Ask_Spectrum,False,Tue Oct 31 22:21:26 +0000 2017,@115716 No thank you. ^JK,,26
23,115716,True,Tue Oct 31 22:16:05 +0000 2017,@Ask_Spectrum The correct way to do it is via an OCS Account Takeover and email Consent Form it does not need to be done in a local office,,21
24,115716,True,Tue Oct 31 22:13:02 +0000 2017,@Ask_Spectrum That is INCORRECT information I have the form in front of me that is faxed over-maybe you need to maintain up to date information,21,28
28,Ask_Spectrum,False,Tue Oct 31 22:05:37 +0000 2017,@115716 The information pertaining to the account assumption is correct.  This does need to be done at a local outlet wit... https://t.co/P7XCmTzPQj,24,29
29,115716,True,Tue Oct 31 22:01:35 +0000 2017,actually that's a broken link you sent me and incorrect information https://t.co/V4yfrHR8VI,28,
30,Ask_Spectrum,False,Tue Oct 31 22:12:09 +0000 2017,"@115717 Hello, My apologies for any frustrations or inconvenience. I‚Äôd be happy to look into this for you? ^MG",,31
31,115717,True,Tue Oct 31 22:06:54 +0000 2017,"Yo @Ask_Spectrum, your customer service reps are super nice‚Äî but imma start trippin if y‚Äôall don‚Äôt get my service going!",30,
32,Ask_Spectrum,False,Tue Oct 31 22:10:08 +0000 2017,@115718 I apologize for the inconvenience. I will be glad to assist you. Can you DM me your Name and acct # or phone #? -JB,,33
33,115718,True,Tue Oct 31 22:06:56 +0000 2017,My picture on @Ask_Spectrum pretty much every day. Why should I pay $171 per month? https://t.co/U6ptkQa5Ik,32,
34,VerizonSupport,False,Tue Oct 31 22:13:33 +0000 2017,"@115719 Help has arrived! We are sorry to see that you are having trouble. How can we help?
^HSB",35,36
35,115719,True,Tue Oct 31 22:49:16 +0000 2017,"@VerizonSupport I finally got someone that helped me, thanks!",37,34
37,VerizonSupport,False,Tue Oct 31 22:52:00 +0000 2017,"@115719 Awesome! If you ever need us we are just a tweet away.
^HSB",,35
36,115719,True,Tue Oct 31 22:10:46 +0000 2017,somebody from @VerizonSupport please help meeeeee üò©üò©üò©üò© I'm having the worst luck with your customer service,34,
38,VerizonSupport,False,Tue Oct 31 22:13:30 +0000 2017,"@115720 Have your friend message us.
^ACM",,39
39,115720,True,Tue Oct 31 22:12:16 +0000 2017,@VerizonSupport My friend is without internet we need to play videogames together please our skills diminish every moment without internetz,38,
40,VerizonSupport,False,Tue Oct 31 22:12:00 +0000 2017,"@115721 Please follow and DM us so that we can look into this order.
^HSB",41,42
41,115721,True,Tue Oct 31 22:24:55 +0000 2017,@VerizonSupport What else can I provide? They refuse to help me because they cannot validate the account...,43,40
43,VerizonSupport,False,Tue Oct 31 22:29:00 +0000 2017,"@115721 We would not be able to verify anything without authenticating your account.
^JAY",44,41
44,115721,True,Tue Oct 31 22:32:06 +0000 2017,"@VerizonSupport How? I have my phone number and email, that's it. How did I get equipment and service? I'm literally trying to pay and nobody can find me?",45,43
45,VerizonSupport,False,Tue Oct 31 22:36:29 +0000 2017,"@115721 We can use the order number to locate the account but will need to do so in our secure one on one chat. Please follow and DM us.
^HSB",,44
42,115721,True,Tue Oct 31 22:06:21 +0000 2017,@115722 MD. And this was sent to the wrong address https://t.co/dMQ1WZXJOk,40,46
46,115722,True,Tue Oct 31 22:04:29 +0000 2017,"@115721 Hello Duke, Do you have a copy of your bill? What state are your services located in?
^NHP",42,47
47,115721,True,Tue Oct 31 22:01:42 +0000 2017,@115722 Nobody can find my account or number. I walked out of a store with this. I've explained that they can find my acct via my devices serial #..,46,48